keyword,language,topic,topicColor,keywordColor,limitPages,ratioNew
'Schnee Ski',de,Impacts,#a89216,#bfba22,2,0.0866656965483973
'Frost',de,Hazard,#4287f5,#315fa8,3,0.0657174126063885
'Schnee Eis',de,Hazard,#4287f5,#638ed4,3,0.0598764525996085
'Kälteeinbruch',de,Causes,#679e2c,#61b00c,1,0.0598426605122883
'Glatteis',de,Hazard,#4287f5,#3b4a73,1,0.0425837054686156
'Schneefall',de,Hazard,#4287f5,#638ed4,2,0.0348939245680229
'Schnee Klimawandel',de,Causes,#679e2c,#477515,2,0.0346007310233283
'Eis Frost',de,Hazard,#4287f5,#022f78,1,0.0339690004037581
'Schnee Verkehr',de,Impacts,#a89216,#87830f,1,0.0294572549284853
'Schnee Wetterlage',de,Causes,#679e2c,#7db344,1,0.0257493596800426
'Glätte',de,Hazard,#4287f5,#4b4a63,1,0.0239703500754173
'Schnee Wetterdienst',de,Mitigation,#9e3215,#802d16,1,0.0223411553779988
'Schnee Winterdienst',de,Mitigation,#9e3215,#9e3215,1,0.0189375862045606
'Schnee Schulausfälle',de,Mitigation,#9e3215,#802d16,1,0.0183603297321222
'Schnee Langlauf',de,Impacts,#a89216,#bfba22,1,0.0178946267408863
'glatte Straßen',de,Impacts,#a89216,#87830f,1,0.0177189203956389
'Schnee streuen',de,Mitigation,#9e3215,#9e3215,1,0.0176937777956127
'Frost Flughafen',de,Impacts,#a89216,#bfba22,1,0.0175855351659861
'Schnee Rodeln',de,Impacts,#a89216,#bfba22,1,0.0156324913732053
'Eis Unfälle',de,Impacts,#a89216,#87830f,1,0.0132316084497341
'Schnee Sperrung',de,Mitigation,#9e3215,#802d16,1,0.006298043883098539
'Glatteis Feuerwehr',de,Mitigation,#9e3215,#d64118,1,0.0053332389989745
'Glatteis Stau',de,Impacts,#a89216,#a89216,1,0.0052141184103948
'Frost Verspätung',de,Impacts,#a89216,#a89216,1,0.0047747016281625
'Schnee Luftmassengrenze',de,Causes,#679e2c,#7db344,1,0.000753131252732
'Schnee Räumfahrzeug',de,Mitigation,#9e3215,#b55035,1,0.0001760458370362
'Schnee Umleitung',de,Mitigation,#9e3215,#802d16,1,0.0001157845701127
'Schnee Tiefdruck',de,Causes,#679e2c,#679e2c,1,5.420370095213694e-06
