keyword,sentiment_mean,sentiment_std,subjectivity_mean,subjectivity_std,counting
'Eis Frost',-0.041343404480484514,0.9933327412421274,-0.23389505926202328,0.5937727395381807,69.0
'Eis Unfälle',0.1070145574397985,0.8234062614081399,0.2591778698915827,1.043690562163514,71.0
'Frost Flughafen',-0.5659670894359015,0.5514862574487052,0.23246452467940257,0.8886815684463804,11.0
'Frost Verspätung',-0.04178104033700708,0.10380601377245086,-0.5925548641523137,0.1922584010216454,2.0
'Frost',0.12834737906573668,1.0549650512038757,-0.04783727840859901,0.8961704655085211,693.0
'Glatteis Feuerwehr',0.14117412240473898,0.8521263241569753,0.043929865506880536,0.8873608688428478,10.0
'Glatteis Stau',-0.1537909169416915,1.262498379584099,0.3030837905769235,1.4457748211684667,10.0
'Glatteis',-0.15839961893065632,0.9645652631551972,-0.02297484693858273,1.0189182654526134,325.0
'Glätte',-0.13270331491774673,0.9663649910429469,-0.08718574519107883,0.9364405534753035,672.0
'Kälteeinbruch',0.278803321823738,0.9264528047499703,0.04832487224136753,1.0476908522468997,60.0
'Schnee Eis',0.058989967095504255,0.9585408962790432,0.016705362571122533,1.0492110782158335,337.0
'Schnee Klimawandel',-0.06272920998831727,0.7717896865251439,0.44042851667707505,1.2033467657210395,60.0
'Schnee Langlauf',0.270787614231917,0.8115990377706745,0.17088486467693836,0.9482054551805246,13.0
'Schnee Luftmassengrenze',-0.3140611538923232,0.7109844140918704,-0.3523300973267541,0.33288732368535,4.0
'Schnee Rodeln',-0.03162218194426685,0.6714585962105651,0.7356765515411188,1.4168225378890913,13.0
'Schnee Räumfahrzeug',-0.5619192893691664,0.742431082394583,-0.14141058171617216,0.7077619241118756,7.0
'Schnee Schulausfälle',0.09429098324852656,0.9118934276971072,0.3651911243199399,1.0810526364783677,15.0
'Schnee Ski',0.2312755610098674,0.97917325164946,0.13711910431358737,1.1055966670887438,177.0
'Schnee Sperrung',-0.2128847973434588,1.5446296831031394,-0.04858705093409912,0.9086397757420583,10.0
'Schnee Tiefdruck',-0.07657769092830957,0.5331678031039492,1.1944602725223494,1.216068676695321,3.0
'Schnee Umleitung',-0.6768768056778792,0.8827226914574711,0.4258567467699418,1.24799311122284,2.0
'Schnee Verkehr',-0.02781096727116858,1.1091187073050355,0.13376919286298325,1.1283862774379723,125.0
'Schnee Wetterdienst',-0.22903704102627762,0.8735556946392765,-0.08593940528255346,0.8407161839937599,144.0
'Schnee Wetterlage',0.09813082223309352,1.1053491746371509,-0.023483101820669115,0.9581398270166559,40.0
'Schnee Winterdienst',0.02028280484804738,0.8893603880771547,-0.07372329678095099,0.9387173425392293,30.0
'Schnee streuen',-0.4674924561669245,0.7035797575090327,0.09304602939346204,0.7495571416582584,17.0
'Schneefall',0.1338602819248097,0.946140860455931,0.04802907247913668,1.0850144824420083,305.0
'glatte Straßen',-0.11813132608091244,1.0839163271493115,-0.024334748658241843,1.0592300799723573,126.0
