week,sentiment_mean,sentiment_std,subjectivity_mean,subjectivity_std,counting
2024-50,-0.3625457909320632,0.9939573386850061,-0.10929866999187339,0.6981714335360726,5.0
2024-51,0.27802750604852183,1.0228367169734522,-0.04769195897387952,0.6288562788433256,15.0
2024-52,0.11945592023644332,1.2135606740142724,-0.262231559670751,0.5193042269487533,22.0
2024-53,-1.2334674139484616,1.0,-0.3667556404220682,1.0,1.0
2025-00,0.08577512573921788,1.0210950918774317,-0.1933778763057787,0.7511511611121126,122.0
2025-01,-0.0027170891273851977,0.9555099567112179,-0.07857256624382408,0.8940133012922251,154.0
2025-02,-0.08914361823529686,0.9057756384964631,0.007314964556772008,1.0021215312888936,96.0
2025-03,0.1836763964701923,0.9365534929823605,0.0008673026867387801,1.451721240032279,31.0
2025-04,0.16095437023463818,1.0693566285974445,0.18633686535679386,1.1150945239503394,35.0
2025-05,-0.20412598411591584,0.8469313277726158,0.0995446069265617,1.1639797161832286,46.0
2025-06,0.12279642987761764,0.8038538144267078,0.16223744455986772,1.265590032446934,132.0
2025-07,0.1250393965089145,0.9027062551962091,-0.0347015912988055,1.0699916361556432,42.0
2025-08,-0.22568535427643222,1.0859243695464114,-0.1303606564541698,0.7656497965026349,32.0
2025-09,0.36669336581438516,0.8439490515664433,0.123655526281057,0.9157977261972112,31.0
2025-10,-0.24547748929733246,0.929997682883337,-0.10657706441154946,0.7589684546660536,39.0
2025-11,0.14638717440887467,0.8429906516620711,0.39206751338419005,1.2841573141697624,16.0
2025-12,0.4225528048540563,1.2229807894462243,0.019541704687175237,1.0796525644494224,21.0
2025-13,-0.20346756907282637,0.8346485359394863,-0.19451940850001642,0.7576968311005592,27.0
2025-14,0.10418759993559071,0.9303699485402465,-0.05473692305370341,0.8197489846579736,20.0
2025-15,0.4339264920855055,0.9755446227505896,-0.012390167752508736,0.9658146252385659,24.0
2025-16,0.47811417730566136,1.8994720887323229,0.15602503251875455,1.5144133991229518,8.0
2025-17,0.30194961241933904,0.7806557962702689,-0.23470701274125963,0.6408669907436774,9.0
2025-18,-0.08269318372821051,0.8506574016633462,-0.18857421916871875,0.797236312135626,25.0
2025-19,-0.2555009888581279,1.0848062083897219,0.390523837608569,1.6794374480696075,4.0
2025-20,-0.34225727561972336,1.065011426130967,0.1672788394010951,1.18862656049366,4.0
2025-21,-0.21366108905545247,0.5315174887674995,1.12271246971672,1.2220313238704092,6.0
2025-22,1.2229752186878635,1.287685395729296,0.05814821618648289,1.2173113029784326,8.0
2025-23,-0.013370510145812586,1.2021272571722854,-0.5451901473516775,0.1249583056368593,4.0
2025-24,-0.1691470921382664,0.5181688525066367,0.08656376915828105,1.2223149782065965,13.0
2025-25,-0.2630786450404711,0.8266429545943187,0.3488423719342664,0.4884995754205121,3.0
2025-26,0.06582524033525854,0.6835589444932297,-0.38969205458099615,0.3167118711051005,4.0
2025-27,0.16135903774651972,0.735536745335046,-0.5391779362280922,0.6395279962019336,6.0
2025-28,0.014293535362794485,1.353790775847582,-0.15703778387064626,0.7769138469750975,4.0
2025-29,0.9605523295464619,1.248619374009753,-0.30050323394872797,0.26030923996147903,3.0
2025-30,0.15209581558143603,0.48509125460621927,-0.06902055520762224,0.8349948026414216,8.0
2025-31,0.22214996156800093,0.8934931430495653,0.04227043637172583,0.9621122711611796,12.0
2025-32,-0.3760377365259567,0.9537376545382453,-0.09489086253894201,0.8711415483569236,12.0
2025-33,0.03127335399053702,0.3524712232215571,0.31762369439890403,1.3353728499549524,4.0
2025-34,1.841817337415062,1.0,0.269598309487577,1.0,1.0
2025-35,1.8816787714152685,1.6250229163028653,-0.5321199141087862,0.12069366214120643,5.0
2025-36,0.47024409551904645,0.8607558723554117,0.33784528772291145,1.2490477757554264,11.0
2025-37,-0.13049732547794698,0.6077060939621602,0.028303464678446855,0.909016132826579,2.0
2025-38,0.09197371180837571,0.6503037635065004,-0.3592404677243244,0.40925282159415843,12.0
2025-39,0.3172090755818104,0.9452854354093588,0.10764128819040877,1.0714128599036976,30.0
2025-40,0.2887227388762806,0.6676915547022841,-0.4643170900888773,0.21005934208777896,11.0
2025-41,0.0683503541535657,0.8721721005645533,-0.2884521743388537,0.3658678453482059,27.0
2025-42,0.1484059589020987,1.3006764968714197,-0.14647852992547494,0.9080592076610122,28.0
2025-43,0.6868768212759543,1.2322241957337199,0.1635951508723162,0.9388714084062014,17.0
2025-44,0.20206065676703786,0.9693921770211451,-0.13335979151862654,0.6604094031593709,19.0
2025-45,0.14693940135970984,1.0450284604544706,-0.2947910212468422,0.543899702951333,34.0
2025-46,-0.03198198669321891,1.000617968187631,-0.310682662722721,0.5121475591956052,113.0
2025-47,0.04789305606908363,0.9605566831576178,-0.08927044169706462,0.8779811893669973,127.0
2025-48,-0.4401272117688099,0.7266783569707861,-0.23840865705320302,0.7729214896618652,54.0
2025-49,0.1731549925257264,0.8006504999043652,-0.08273603672829011,0.777385638115337,12.0
2025-50,0.2746055357207616,1.0350035052164408,-0.1504206925280325,0.7547860945985672,37.0
2025-51,-0.10221969977435547,1.1209476875701112,0.08916928085108357,1.1407490084542686,76.0
2025-52,-0.21683210215069246,0.7883859547337532,0.004208450998026255,0.8458011658412131,30.0
2026-00,0.09867155890918078,1.0381610672032453,0.26624915367393553,1.1913817649289762,84.0
2026-01,-0.09443460946332458,1.0106255580136239,0.03674930543431421,0.957427350287435,253.0
2026-02,-0.043844896381089196,1.053209364007171,0.10289500224259827,1.0771091576327574,123.0
2026-03,-0.07106610271481388,0.8648449957588464,0.247127701253514,1.1712543604927748,93.0
2026-04,-0.09308469737643081,1.041503654627454,0.14386327642843064,1.1082061225683384,186.0
2026-05,-0.06813826200238156,0.9553645724248522,-0.0234622489421747,0.9834109481556924,243.0
2026-06,-0.40803399636857307,1.0756585097917157,0.10094157553634248,1.141631709939847,91.0
2026-07,-0.08203420784351655,0.9258205189865809,0.0007424293281418469,1.0595264451175694,182.0
2026-08,0.03510915099555069,0.9082765989262035,0.2300695266916216,1.1300212002643022,49.0
2026-09,0.8739508647646529,1.3228791147196917,0.028517007692268757,1.0801697253682658,14.0
2026-10,0.10700198527586866,1.0238129385375074,0.07808349411273412,1.1700482172470625,25.0
2026-11,0.1016686303155276,0.9932012609314539,0.1144487419584924,1.1557683080236283,34.0
2026-12,0.06566924705437847,0.9978241309283415,-0.08596092570290251,0.8463493594183162,57.0
2026-13,-0.351461942883443,1.0674580889994183,-0.17357137091862482,0.700038236251211,30.0
2026-14,0.5434204936914588,0.7196768026852922,0.40245178109970403,1.3236647261971086,20.0
2026-15,-0.6661534768401791,1.3424371633155583,-0.45696905644911606,0.07131397858005545,4.0
2026-16,0.20273366441210597,1.3956868155405908,-0.4232660532231816,0.1408944214204968,20.0
2026-17,0.7541585203157417,0.8398956600151849,-0.1925430973098738,0.9811961676432256,10.0
2026-18,0.3962724640958991,0.780104020764238,0.3364687902252877,1.3066420821786175,15.0
2026-19,0.1723397609314906,1.2022738965891508,-0.45796130870701,0.1403815635818482,17.0
2026-20,-0.13495539459813136,0.7856517027715222,-0.4503660470230617,0.04957058374406855,6.0
2026-21,-0.49257082298763705,0.5706056309031191,-0.18439429575559144,0.4155152840305217,5.0
2026-22,0.6246808157867783,0.5517284923704904,-0.4208494927199359,0.3983597363147813,4.0
2026-23,-0.15502230416169854,0.8056617553364651,0.5552578541296669,1.652011774623921,10.0
2026-24,-0.35998758866232117,1.0,,1.0,1.0
2026-25,-0.03274096375020258,0.6572500334308321,0.0731141890311927,0.7675969943676209,4.0
2026-26,-0.9507883294640888,0.7167535736439448,-0.5412988354227624,0.07099519928786674,5.0
2026-27,-0.5364079873247344,0.7558426309002597,0.2378339163884723,1.296645211706566,2.0
2026-28,-0.16692491262759668,1.2409668859864744,-0.43432007283719715,1.0,3.0
2026-29,0.19253001853870785,0.6341871325083795,0.9520684364895095,0.429110110510965,6.0
2026-30,-0.19216156197933307,0.7025975506843135,0.5129848113450423,0.7892084135042035,7.0
2026-31,-0.4615229621140088,0.6972415144143583,-0.49696772203344397,0.28647797086151316,11.0
2026-32,-0.21755411607081798,0.7703164997099833,-0.44357669804526495,0.55716374665253,6.0
2026-33,0.03351375766359934,1.0,0.884555476873296,1.0,1.0
2026-34,0.17774742808423266,0.8899600380528763,0.8911411573801074,2.5757135274833143,5.0
2026-35,-0.18611929968676685,0.8864576076607332,0.3212294320743014,1.0148476318838129,8.0
2026-36,0.6865127840904901,1.4789871460830661,0.20279967722380662,1.4781742345100535,5.0
2026-37,-0.05171201950218719,1.2717849857375154,-0.255929737296289,0.8283507019522148,10.0
2026-38,0.22559227116946845,0.5820760195671035,-0.33384606636734815,0.40540576520711336,4.0
2026-39,0.07542435675911793,0.39410413189711246,0.7446918890399068,1.7705859349041702,4.0
