day,sentiment_mean,sentiment_std,subjectivity_mean,subjectivity_std,counting
2024-12-13,-0.8418791655575995,1.5739278017881675,0.37455191445661773,1.0483671979990752,2.0
2024-12-14,0.10528256376552018,1.0,-0.23320187494214772,1.0,1.0
2024-12-15,-0.11712659365531863,0.8220161415438301,-0.5311976519652273,0.10548619939726407,2.0
2024-12-16,-0.28895607120503203,1.0382010745589372,0.7381549523158507,0.7748708095890726,3.0
2024-12-17,0.5175453515282948,0.5373319582070072,-0.13379773895342367,0.32296784422654595,4.0
2024-12-20,-0.06483503580393764,1.0962102360177284,-0.07458487911110268,0.8322431089679898,3.0
2024-12-21,0.10881453691808725,0.3828425718784423,-0.44917845431228276,0.012867735816544249,3.0
2024-12-22,1.4175804474436478,2.167654822196831,-0.4116816427359469,0.06353496177549231,2.0
2024-12-23,0.4783500829312363,1.3601955673223087,-0.4661340399713245,0.11975478174461907,6.0
2024-12-24,-0.09055652340697762,1.853393937113494,-0.1812618459773015,0.8197754609365303,4.0
2024-12-25,0.7131485694387224,0.27202709584165163,-0.4763836481175076,0.12073687997084058,3.0
2024-12-26,-0.24670997947517392,1.2547340142518182,0.17805489511546863,0.7275398055955082,4.0
2024-12-27,0.03351375766359934,1.0,-0.605787658880629,1.0,1.0
2024-12-28,-0.2664909267092063,1.057387189833507,-0.23113091656202317,0.4646655535542683,4.0
2024-12-30,-1.2334674139484616,1.0,-0.3667556404220682,1.0,1.0
2025-01-01,0.11988830460989097,1.0298140738589059,0.3222647213117176,0.9744219403151357,2.0
2025-01-02,0.3716896415394376,0.8965556401431991,-0.06924498896032498,1.1899151358672793,14.0
2025-01-03,0.36789192624609673,1.174565531158064,-0.25707171868557904,0.6185632537312021,22.0
2025-01-04,-0.4114722507075874,0.9565102684739951,-0.18543024181163076,0.740446361411387,34.0
2025-01-05,0.21835135792113036,0.9400580543088592,-0.2261398894761141,0.6684618197250272,50.0
2025-01-06,0.1135279935699753,0.7013243615783903,-0.2668493110339252,0.5077082507077993,9.0
2025-01-07,-0.20567609306532447,1.1601938089941943,-0.5120112818299754,0.12255822271945603,10.0
2025-01-08,-0.1493942963148846,0.9962635400470353,-0.30875026886673207,0.4985951137516159,27.0
2025-01-09,0.07561970257409739,1.0189094374287178,0.14697106597470758,1.1958136177916483,35.0
2025-01-10,-0.08982609800228804,0.8163497723430292,0.025940088512949613,0.9420529076017251,46.0
2025-01-11,0.6576737324770012,1.0725068272591125,-0.2976373381513843,0.4376960800760937,11.0
2025-01-12,-0.06141448707061128,0.9697189067028678,0.038178370273711924,1.0357361103932812,16.0
2025-01-13,-0.3817815753944332,0.7472530113206669,-0.5031600029586197,0.12675680222664482,12.0
2025-01-14,-0.17589290929783727,0.9994860031758114,-0.0932541440124227,0.749522130207131,22.0
2025-01-15,-0.0009044301474165803,0.9562631335191522,0.22649525623345718,1.2249697610851837,46.0
2025-01-16,0.07515287702918012,0.5426612783941002,-0.36463625375724684,0.473312933863912,7.0
2025-01-17,0.19310467059802225,0.9157254106658264,-0.5584952311885868,0.07915745874857492,2.0
2025-01-18,-0.17715804405945637,0.5718034645438838,-0.05520605963361014,0.9437418928717469,4.0
2025-01-19,-0.08960265289473224,1.4410780127598375,0.7544114972333865,1.22963271930022,3.0
2025-01-20,0.5677642547481354,1.1548881575100203,-0.331255681790175,0.44482654859677034,13.0
2025-01-21,-0.17043141779502055,0.5181014287756776,1.2452740231792656,3.344130254694293,4.0
2025-01-22,-0.09809040460182351,0.690750703480806,0.27841666464157777,1.7193215238955761,7.0
2025-01-23,0.09137963362250906,0.7086254952554982,-0.28413085494014884,0.5397390175232357,6.0
2025-01-24,-0.8668863194920061,1.0,-0.6144680070511985,1.0,1.0
2025-01-27,0.6344885691712585,0.011998613120435908,-0.4116816427359469,0.06353496177549228,2.0
2025-01-28,-0.602818292622239,0.7721980686764861,-0.46909113496312016,0.09965433147881614,4.0
2025-01-29,-1.3444427200942697,1.0,1.2762429106680484,1.0,1.0
2025-01-30,0.5219021609432707,1.3747841263678835,1.5261089147687,2.0580132286925754,5.0
2025-01-31,0.4228866140369181,0.989206803030942,-0.45019531980460803,0.13956028403388887,4.0
2025-02-01,0.21968575733709403,1.1775626941721542,0.4481965767638096,0.853797116863455,11.0
2025-02-02,0.17531763986012305,0.9794317209643335,-0.3190988406844805,0.26515880986345247,8.0
2025-02-03,-0.16709780837959012,0.887317234234648,0.22550734062987432,0.8708500999939921,8.0
2025-02-04,-0.31617928111848237,1.1951219692764552,-0.46803931895562434,0.1337882058640319,5.0
2025-02-05,-0.04375858513028035,0.4047257669939726,-0.3848452496909869,0.15656112016397256,14.0
2025-02-06,0.1759228999404676,0.26605358079589225,1.3593668818346072,1.9965975641575018,5.0
2025-02-07,-0.27252475766153755,0.7811678065618234,0.8010920282052664,1.9160574355922173,4.0
2025-02-08,-0.8718739346379593,0.9580728023486897,-0.5648431252267944,0.07465681496651999,4.0
2025-02-09,-0.36025265589723693,1.48000856617523,0.4601988771579763,1.4710584633784884,6.0
2025-02-10,-0.033395142235035626,0.7573336566854503,0.019848993111783304,0.7840923346957689,6.0
2025-02-11,0.04006516346663394,0.9701775673842084,0.06063625328760869,1.0863180906086838,16.0
2025-02-12,-0.1775574810296084,0.5783617512487433,0.15586828607865172,1.0978743636936497,21.0
2025-02-13,0.12252788818076424,0.7610120380998281,-0.23420884843477316,0.5460954902973661,27.0
2025-02-14,0.40807204765819666,0.8706553866026662,0.6063361103832567,1.8669281542476945,36.0
2025-02-15,0.3447103978909666,0.7994065446558483,0.30543453663377795,1.1252909209154338,15.0
2025-02-16,-0.33384896195716685,0.48217081927523076,-0.27574040478060247,0.5850546092771788,11.0
2025-02-17,0.20617436697611793,0.7620956429674103,-0.09413375125414414,1.0167512954352045,18.0
2025-02-18,-0.41249906623473986,0.8514977446853201,0.04380693632482585,1.434174326884348,10.0
2025-02-19,0.6672077464420687,1.0855468845797747,-0.27995242044572366,0.4750904570748519,8.0
2025-02-20,0.0387726009713662,0.973883033439123,1.1036220850185507,1.4569768876730913,3.0
2025-02-21,0.49029105221039265,0.6459806449321651,-0.5311976519652273,0.10548619939726403,2.0
2025-02-22,-0.7690551687197493,1.0,-0.20998026278290385,1.0,1.0
2025-02-24,-0.6435033140415306,1.0,1.5553571752666386,1.0,1.0
2025-02-25,0.32836977880642293,1.0142008461473306,-0.43414464389288626,0.04492600231387869,4.0
2025-02-26,-0.5444743290296489,0.6292702995210289,-0.08368659991649732,0.936427864629559,9.0
2025-02-27,-0.3282486066916094,1.728139101434431,0.06140491174995846,0.8925251402270131,8.0
2025-02-28,0.02877677130584512,0.8841716569882141,-0.3590785600254837,0.42511684797045385,9.0
2025-03-01,-0.6246402649828835,1.0,-0.4966724607503654,1.0,1.0
2025-03-03,0.2747378533730703,0.2756927755368491,0.8121616341303742,0.6770996577119687,3.0
2025-03-04,0.02528909177549091,0.7860062035170466,-0.19668154858556888,0.6142094696421053,12.0
2025-03-05,-0.09832761950773533,1.0,2.581297718547674,1.0,1.0
2025-03-06,1.1842261381013353,1.0,-0.16876318513890362,1.0,1.0
2025-03-07,1.0209392368093961,1.0,-0.5571921127330763,1.0,1.0
2025-03-08,1.0199635447603104,0.92194545241062,0.7230728095054235,1.1617414239349941,6.0
2025-03-09,0.2875989506937116,0.897092677645185,-0.308240582000289,0.43835895027326316,7.0
2025-03-10,0.9754201888301107,1.5386813492065374,-0.6790327056023071,0.0,2.0
2025-03-12,0.20553350156871583,0.8134383953296546,-0.16244755169937167,0.5816515141001086,4.0
2025-03-13,0.21501322646007826,0.6316267159217122,-0.517222369332269,0.2405731273814803,6.0
2025-03-14,-0.13469425894022702,0.9622706611400875,0.15106495752569762,0.8262157069474951,11.0
2025-03-15,-0.599649650271677,0.6991687985690443,-0.08683939242726023,1.0433289612497452,7.0
2025-03-16,-0.8841657138941426,0.7561837116699177,-0.011017162649618543,0.7691415449166188,9.0
2025-03-17,-0.17168687587004047,1.1295675457054941,0.830642349406939,1.4246889346989748,7.0
2025-03-18,0.34548052327668033,0.39672048501862245,-0.3667556404220682,0.0,2.0
2025-03-19,0.188891368713587,0.43014019640430384,-0.1799650325078151,1.0925385305231878,5.0
2025-03-21,0.954292515755491,0.06754920666167576,1.0459601058408399,1.6714034248537302,2.0
2025-03-24,1.3553817514591016,0.9846518502292307,-0.2122309614810961,1.020973532758146,6.0
2025-03-25,-0.5369421917016037,1.0,1.863662636485422,1.0,1.0
2025-03-26,-0.43443949900873313,0.9503397487502319,-0.43767343294612393,0.05248292798818641,5.0
2025-03-27,1.4404403735292637,0.8597407891016641,0.21251514248747672,1.169530785931612,2.0
2025-03-28,0.08957745660311371,1.8128059605988267,1.2780426544413697,1.6964894853744323,3.0
2025-03-29,1.0198732929651444,1.0,-0.5738288417549549,1.0,1.0
2025-03-30,-0.23967610996905667,0.3539818770392335,-0.5589544369938844,0.08874112055310618,3.0
2025-03-31,0.7745501828241473,0.9135099629632566,-0.5007986636914002,0.16076030590861293,3.0
2025-04-01,-0.07456961446805295,0.05743596754545016,0.4903633879444441,1.5624675429384238,2.0
2025-04-02,0.5315010455857884,1.0,-0.6934700238343338,1.0,1.0
2025-04-04,-0.010819306022672726,0.40074366540882045,-0.6144680070511985,0.0,3.0
2025-04-05,-0.7149670178070789,0.4265234439042879,0.15743831385407706,1.12267307485124,4.0
2025-04-06,-0.37909362434229305,0.9004563275008935,-0.17513514568379993,0.7297628598048983,14.0
2025-04-07,0.3104189309364852,1.065622688993566,-0.30666038120665273,0.4091982371958973,13.0
2025-04-08,-0.27881344335178476,0.4545730046935189,0.41312092780177384,1.1832986265088696,7.0
2025-04-14,-1.0356142971560702,1.0,,1.0,1.0
2025-04-16,0.33799181607063844,0.8896481502793044,1.2369881074020053,1.4333627707665473,4.0
2025-04-17,0.5424787222081469,1.1477347421364719,-0.3329852735572912,0.4114507114485881,10.0
2025-04-18,-0.18134059630114635,0.7116839044935306,0.07130957161913087,1.0998134908119672,4.0
2025-04-19,1.079691601209753,0.23757750679084494,-0.5017813889248233,0.10921290541828849,5.0
2025-04-24,0.5342966703844951,2.3526810348143714,-0.43414464389288626,0.04492600231387869,4.0
2025-04-25,0.03676014346323009,2.1853490717929294,-0.5134002562685994,0.015383533621854208,2.0
2025-04-26,0.8071032249904251,1.8044956490152053,2.00578967412939,2.6296623419896172,2.0
2025-04-29,-0.4688678850498466,1.0,0.884555476873296,1.0,1.0
2025-05-01,0.19459971090144476,0.998385809348033,-0.009553271075451711,0.7743208894695132,3.0
2025-05-02,1.612427491905858,1.0,-0.605787658880629,1.0,1.0
2025-05-03,0.32736872473529927,0.47300033540425296,-0.601759668901524,0.1338408256208908,3.0
2025-05-04,0.008081598007807866,1.0,-0.5571921127330763,1.0,1.0
2025-05-05,-0.7305710112464616,0.6861144885491492,-0.42120480840866703,0.1531669710123248,8.0
2025-05-06,-0.2916368251152201,0.36475034354255664,-0.089653422157969,1.0308357936656531,7.0
2025-05-07,2.100964882329329,1.0,2.5356042291021295,1.0,1.0
2025-05-08,0.5550578332455336,0.5889686900340625,-0.4206668431987226,0.04921396977168131,5.0
2025-05-09,0.08766973714502917,0.6133100997838142,-0.4792770975076974,0.12540248084191138,3.0
2025-05-10,0.679433012580887,1.0,0.28841822257172617,1.0,1.0
2025-05-12,-1.4965755326285324,1.0,-0.43432007283719715,1.0,1.0
2025-05-13,0.7596122308700147,1.0,-0.4566076450498256,1.0,1.0
2025-05-14,-0.14252032683699695,0.9665212864905945,1.2265115341606494,2.380289970329726,2.0
2025-05-19,-0.5816474374957222,1.0,1.9490862881260997,1.0,1.0
2025-05-20,-0.2901420180981444,1.0,-0.4566076450498256,1.0,1.0
2025-05-23,-0.24861982344251343,1.8235099173841947,-0.4116816427359469,0.06353496177549228,2.0
2025-05-28,-0.08543340040991665,1.0207866032884585,0.3429758216368579,1.1874419885752856,2.0
2025-05-29,-0.26791522796446826,1.0,0.28841822257172617,1.0,1.0
2025-05-30,-0.2810615018494711,0.4006820909907452,1.9206349841516257,1.0570520133152055,3.0
2025-06-03,1.2615723831206385,1.9019429683253208,0.5875576543787283,1.6430165567246273,4.0
2025-06-05,0.6684356817041532,1.0,-0.4472135954999579,1.0,1.0
2025-06-07,1.3563588451054003,0.4404134117276689,-0.4792770975076974,0.12540248084191138,3.0
2025-06-11,-0.6791392721492964,0.33508851271334095,-0.5878578393773799,0.19890099716115922,2.0
2025-06-12,0.6523982518576712,1.565264622394131,-0.5025224553259751,0.0,2.0
2025-06-17,-0.2786530838766011,0.37475654547591264,0.3962221930629406,1.5504997819414648,7.0
2025-06-18,0.4453825501533868,1.0,0.19688327813728643,1.0,1.0
2025-06-19,-1.1918935404246902,1.0,,1.0,1.0
2025-06-20,-0.08547456737318934,1.0,-0.5025224553259751,1.0,1.0
2025-06-22,0.19454831566107914,0.4836892863951829,-0.4763836481175076,0.1207368799708406,3.0
2025-06-25,0.13999999999999999,1.0,0.0,1.0,1.0
2025-06-28,-1.2139405141417356,1.0,0.9071432068064658,1.0,1.0
2025-06-29,0.28470457902032237,1.0,0.13938390899633354,1.0,1.0
2025-07-01,-0.11526720131267829,0.5638880211074193,-0.21829220399319815,0.4019622762715266,2.0
2025-07-03,0.9370665433723917,1.0,-0.6655761652877626,1.0,1.0
2025-07-04,-0.44323117940600093,1.0,-0.4566076450498256,1.0,1.0
2025-07-09,-0.2864436570291582,0.32193025819269017,-0.27859605636653817,0.39399432133721757,3.0
2025-07-10,0.9097017997793926,0.8675735263125707,-1.169544902057813,0.057077244127845074,2.0
2025-07-11,0.008081598007807866,1.0,0.20039223570824116,1.0,1.0
2025-07-14,1.5439177622735782,1.0,-0.4751868438432239,1.0,1.0
2025-07-15,-1.6460745896820166,1.0,-0.4566076450498256,1.0,1.0
2025-07-16,0.07966548442980814,0.6269998601619622,0.15182167670523222,1.195422987064471,2.0
2025-07-21,0.0,1.0,0.0,1.0,1.0
2025-07-25,2.3719862456189325,1.0,-0.44490205679635825,1.0,1.0
2025-07-27,0.5096707430204531,1.0,-0.4566076450498256,1.0,1.0
2025-07-30,0.22863753176198492,0.5880158484934408,0.39749671563526756,1.0189025856640264,4.0
2025-07-31,0.4356547109060865,0.16042850498824052,-0.535537826050512,0.11162413245173401,2.0
2025-08-02,-0.2845465121043122,0.13642060498444467,-0.535537826050512,0.11162413245173401,2.0
2025-08-04,1.511479460239519,0.415468228718232,-0.26982439830298677,0.578707938018436,2.0
2025-08-05,-0.00738744664277001,0.8283609358075039,-0.04074494290342634,1.028072814648069,4.0
2025-08-06,0.6022627358741948,1.0,,1.0,1.0
2025-08-08,0.2907610526998,0.41395104387757037,0.6371299596425496,1.8613350914783962,2.0
2025-08-10,-0.503798145455247,0.7445541220248633,-0.035552183658812055,0.8179457550401144,3.0
2025-08-11,0.5447531692829385,0.9885072327179854,-0.10509477563013396,0.8397004222515114,3.0
2025-08-12,-0.4616127296945145,1.086773650834021,0.593463927862052,1.3930835806574258,4.0
2025-08-14,-1.1280380695079613,0.19952827755353386,-0.4792770975076974,0.12540248084191138,3.0
2025-08-15,-0.4580736094291771,0.3818249794605047,-0.535537826050512,0.11162413245173401,2.0
2025-08-22,-0.09832761950773533,1.0,-0.4966724607503654,1.0,1.0
2025-08-24,0.07447367848996113,0.41851682950368657,0.5890557461153271,1.4942485805251062,3.0
2025-08-25,1.841817337415062,1.0,0.269598309487577,1.0,1.0
2025-09-01,2.923130348429327,1.0569231088546307,-0.4792770975076974,0.1254024808419114,3.0
2025-09-03,0.6309212137805518,1.0,-0.6655761652877626,1.0,1.0
2025-09-06,0.008081598007807866,1.0,-0.5571921127330763,1.0,1.0
2025-09-08,0.24264723688432746,0.5677399641050183,1.0152017073329493,1.5051146324172824,6.0
2025-09-09,1.7420834682189528,1.1419946991587522,-0.4116816427359469,0.06353496177549231,2.0
2025-09-11,0.04634466030518956,1.0,0.19688327813728643,1.0,1.0
2025-09-12,0.5846531893753216,1.0,-0.4566076450498256,1.0,1.0
2025-09-14,-0.3983631567148709,1.0,-0.6144680070511985,1.0,1.0
2025-09-21,-0.13049732547794698,0.6077060939621602,0.028303464678446855,0.909016132826579,2.0
2025-09-22,-0.6170072993442006,1.0,-0.6144680070511985,1.0,1.0
2025-09-24,-1.2086769859452837,1.0,-0.4566076450498256,1.0,1.0
2025-09-27,0.9721569207196186,0.07720977456231108,-0.4116816427359469,0.06353496177549231,2.0
2025-09-28,0.12313187319384447,0.3574364202088378,-0.3020558343898719,0.49742876365819094,8.0
2025-09-29,0.3857821944670701,0.7706995355603002,-0.05275515609800234,0.9800945149562971,5.0
2025-09-30,0.7276528349829268,1.1837609409159313,0.20587599204433357,0.6890743397973285,6.0
2025-10-01,-0.20513930750781756,0.370284335170203,0.998227227875485,1.6996254268002131,7.0
2025-10-02,0.7774715962584836,1.1175604394351606,-0.34319264737393085,0.3585489015555356,8.0
2025-10-03,-0.2901420180981444,1.0,-0.4566076450498256,1.0,1.0
2025-10-04,-0.8668863194920061,1.0,-0.6144680070511985,1.0,1.0
2025-10-05,-0.2026624973507978,0.12371472467079608,-0.4566076450498256,0.0,2.0
2025-10-06,-0.07858708556879444,0.24149079803370074,-0.5882408989718305,0.024962415341218302,3.0
2025-10-07,0.40673372342549313,0.6227602957688138,-0.16598692209285804,0.4109997679124174,2.0
2025-10-08,0.6652617158253197,0.6667621082198532,-0.4792646885650488,0.07639806531780953,5.0
2025-10-10,-0.7280646416321142,1.0,-0.6144680070511985,1.0,1.0
2025-10-13,-0.4059436539108726,1.040652102438485,-0.4116816427359469,0.05187607905906323,4.0
2025-10-15,-0.6517704332358925,0.6976157858868344,-0.014065079187443343,0.5894607282541777,7.0
2025-10-16,-0.43894897789547754,0.5504711991470388,-0.4004425861603737,0.04896217787265436,3.0
2025-10-17,0.7065877871324157,0.6624880151648482,-0.4083810802787483,0.05594746314995467,4.0
2025-10-18,0.7608218169339577,0.3734620068811437,-0.2992602462653628,0.29318187783939464,7.0
2025-10-19,0.598185138530039,0.003210911333475054,-0.5566763892197522,0.1730379620702226,2.0
2025-10-20,0.0,1.0,0.0,1.0,1.0
2025-10-22,-0.8816443461437576,1.12517830539589,-0.17741886548489996,0.45149276426079216,2.0
2025-10-23,-0.07303638636014477,1.3857211944080843,0.08333796767587505,1.246916192282245,9.0
2025-10-24,-0.4411521052649276,0.5685207707221079,0.08862464352147383,0.9511356615439858,7.0
2025-10-25,1.56283287250661,1.9911269585466689,-0.4897385866843542,0.11966676823273,3.0
2025-10-26,0.8292581896870409,1.0372694960726587,-0.7002562061396307,0.37668381591026434,6.0
2025-10-27,0.8860803637819248,1.5792729014830247,0.16667986750467084,1.161486564615663,9.0
2025-10-28,0.923817642019563,0.7300196490671716,0.25794071685982667,0.6153198292425535,4.0
2025-10-29,-0.24529496698062586,0.06342330792283417,-0.5068998788914509,0.07112395918086577,2.0
2025-10-30,0.38083538687023144,1.0,1.2630356476309332,1.0,1.0
2025-11-01,0.11666666666666665,1.0,0.0,1.0,1.0
2025-11-03,-0.22797857461331125,1.0850249276617998,0.5067339739557086,0.8548649191381366,6.0
2025-11-04,0.90702624438243,0.8607371664862271,-0.45329404459497835,0.08936000852039275,5.0
2025-11-05,0.6708086320775896,0.711075903923204,-0.4116816427359469,0.05187607905906324,4.0
2025-11-06,-0.7071067811865476,1.0,,1.0,1.0
2025-11-07,-0.4347450142607913,0.12588086336459223,-0.5092277657169498,0.09114072249586445,3.0
2025-11-10,0.2544012099220193,0.7599969080594476,0.10182108408706372,0.9907164915728888,7.0
2025-11-11,-0.32634398159152656,0.3702447385868482,-0.32043723019551473,0.33073737611765547,4.0
2025-11-12,0.7048928131006594,0.9245813316769167,-0.5698230641356958,0.11126662384199039,3.0
2025-11-13,0.24495379679584176,0.33498787607517333,-0.49575609278513677,0.0868836526286002,2.0
2025-11-14,1.0953647199311385,2.2629787199283022,-0.39230555868838923,0.056077121742834586,3.0
2025-11-15,-0.45307117011835346,1.252744578375163,-0.2508189990716699,0.5360859870468437,7.0
2025-11-16,0.22516563766043762,0.7055034005939315,-0.4775327928344758,0.09367392598618657,8.0
2025-11-17,0.04218340728798335,1.3091794388874678,-0.32447876947818416,0.5273072667921282,10.0
2025-11-18,-0.14188361525946644,1.058673737922586,-0.2423416901853434,0.5486247811015321,16.0
2025-11-19,-0.17347242126190845,0.9619468044723894,-0.42820451809986787,0.0685103409040617,16.0
2025-11-20,0.2678593743655657,1.04894386142399,-0.30012507137751127,0.6853205024239926,22.0
2025-11-21,-0.11370682589992083,0.4690691830400462,-0.42293797891281654,0.07292683490140547,12.0
2025-11-22,-0.28006239332112665,0.989539603178951,-0.16379755203055527,0.7200321144590744,16.0
2025-11-23,0.04583199919157432,1.0504377481908653,-0.3254688433606816,0.43532263937172383,21.0
2025-11-24,0.04357403656283223,0.8733681515476752,0.07122572306882605,1.1344606075422086,54.0
2025-11-25,-0.4391707146350866,0.9731993394977848,-0.40959327667241097,0.04990077123701171,13.0
2025-11-26,-0.1336134617494912,0.8027789745090642,0.13924489442476282,0.8689566046239139,21.0
2025-11-27,-0.36286785276685507,0.6371264707245688,-0.05898168203773613,0.6348498601385739,5.0
2025-11-28,0.7144908396464897,1.1019180986851502,-0.32961577228235095,0.46304065157213964,21.0
2025-11-29,-0.6356441893974732,0.4694572323657243,-0.3346620155200208,0.33943559154412867,6.0
2025-11-30,0.409774128716993,1.0718250122699637,-0.5083076580263308,0.33631177902245013,7.0
2025-12-01,-0.2527697293624924,0.7375814658671753,-0.0832831279204655,1.1517254993372912,17.0
2025-12-02,-0.4983826675602572,0.3395200318725598,-0.03878251573756627,0.784564306310657,5.0
2025-12-03,-0.7116228987198966,0.5894799532394913,-0.23961292388837271,0.5408284421312706,5.0
2025-12-04,-0.3608631040050881,0.9479522391457653,-0.4861763593263839,0.110530995456304,16.0
2025-12-05,-0.7159697048533971,0.4565487107738173,-0.284833142814923,0.6138080736821482,8.0
2025-12-06,-1.2000583463557464,1.0,1.211465449577999,1.0,1.0
2025-12-07,-0.35906527784413195,0.45977359312823174,-0.6101278329659138,0.006137933054469941,2.0
2025-12-08,1.3407761659821262,0.5699007335487909,-0.535537826050512,0.11162413245173401,2.0
2025-12-09,1.1758468756849332,1.0,-0.5571921127330763,1.0,1.0
2025-12-10,-0.5079108789534413,0.4621390263908531,0.22973571083207725,0.7367040882216911,4.0
2025-12-11,0.008081598007807866,1.0,1.7155609325908763,1.0,1.0
2025-12-12,0.5461368443393849,1.0,-0.4966724607503654,1.0,1.0
2025-12-14,-0.10070474129129887,0.23142462251651408,-0.5007986636914002,0.16076030590861293,3.0
2025-12-15,0.76416612027763,1.2267742993699315,-0.38921864157900754,0.044926002313878693,4.0
2025-12-16,0.16552515128331763,1.2398955616210272,-0.19656606417718214,0.842426301359994,11.0
2025-12-17,0.4365857095384586,0.8255916792172471,0.0055133557842107495,1.111233992437601,4.0
2025-12-18,0.05941344885041554,1.3267856698451488,-0.46851925444985787,0.26274917053849844,5.0
2025-12-19,0.14209058086964282,0.3400026796150205,-0.555570233900782,0.08329402958289303,3.0
2025-12-20,0.2635225664156272,0.4597509435388836,0.661470746467864,0.9140689590320105,5.0
2025-12-21,0.2726308128994138,1.2344692636449677,-0.31434281483388926,0.47270466273511486,5.0
2025-12-22,1.356260805319077,0.7232646732069805,-0.44546385894351137,0.01575969344773444,3.0
2025-12-23,0.17696107152567914,0.5045045059179029,0.33222022031145465,1.2767853153964621,8.0
2025-12-24,-0.14292096723649997,0.8463500096347027,1.6030852292911175,2.346999518700124,4.0
2025-12-25,-0.4311989300718214,1.411356983843277,-0.5066178032399924,0.16006886430395328,5.0
2025-12-26,-0.18266919432316697,1.767599514487192,0.07165189260244212,1.5373089436409737,8.0
2025-12-27,-0.11100844206066701,1.08494678222581,0.07934145677748303,0.9785784264533577,37.0
2025-12-28,-0.3180312032531933,1.01596983131693,-0.22429444757493294,0.6454826545096338,11.0
2025-12-29,-0.08324894500067473,0.5807789230730068,-0.0680858892825446,0.8449778115915243,15.0
2025-12-30,-0.49356678378148144,0.776596223695648,-0.012365822991290028,0.7415861131325788,8.0
2025-12-31,-0.1868135170369716,1.168647262806837,0.1780669218727538,1.0494722386551534,7.0
2026-01-01,-0.581637259713815,0.48874410729661383,-0.09143742106664865,0.8054275981601231,5.0
2026-01-02,0.19605234900419502,0.8509921825195282,-0.1969819615076956,0.6186279306548764,20.0
2026-01-03,0.03875385270142862,1.0356303396965922,0.38560067286421296,1.1496780067902446,34.0
2026-01-04,0.23831677100031146,1.2287140361486928,0.54605329466858,1.5404577582750574,25.0
2026-01-05,0.2816935892469943,0.9697577526470156,0.5394806694306279,1.1936473772487266,19.0
2026-01-06,-0.26662964611252893,0.9886986327650642,-0.3201542783973507,0.4777002369738073,37.0
2026-01-07,0.09428558237592766,0.9708341263907919,0.05691316731970644,0.9719621346571902,24.0
2026-01-08,-0.11106714625915702,0.985953921348626,-0.007658063411890263,1.1915569679535345,59.0
2026-01-09,-0.10805059004669229,0.8216689881629982,0.19834297254685118,0.8839572927286999,50.0
2026-01-10,-0.2084709014212523,1.208910158992729,-0.002525802215440694,0.9005612934718075,30.0
2026-01-11,-0.10094333195618396,1.1893945176388268,0.0040495594456110805,0.7828674815230471,34.0
2026-01-12,-0.2651958284711227,1.2720715467746704,-0.11520795245669456,0.9076988085088633,43.0
2026-01-13,0.07773317085223988,0.7252768896540552,0.4537999617596288,1.3123676155429878,52.0
2026-01-14,0.710929445824411,1.3382904274406746,-0.22397567715153396,0.5207940783679583,12.0
2026-01-15,-0.35995586407735686,0.6528716495024974,-0.1973737169123385,0.5354989376350034,7.0
2026-01-16,0.06495677808439629,1.0,-0.3667556404220682,1.0,1.0
2026-01-17,-0.8327192065309128,0.31737638801489804,-0.3667556404220682,0.0,2.0
2026-01-18,-0.40710119688436236,1.0695220678047037,-0.07784579250587216,0.878585799935572,6.0
2026-01-19,-0.0075902135352641535,0.9156883851500989,0.21083213507981194,0.8775396607551457,11.0
2026-01-20,0.3230813341379176,0.6883919299112633,0.6317208271473705,2.102244372835962,5.0
2026-01-21,0.10076821048033077,1.0801211773842627,-0.29474030196359025,0.5862184195982074,13.0
2026-01-22,-0.3389182010075475,1.3091577276759547,-0.265477561315805,0.4223942174547852,7.0
2026-01-23,-0.3342438403466207,0.7357666013519208,0.608016271394452,1.494761021747284,22.0
2026-01-24,0.04600275880251957,0.7858169082763401,0.7390542138934437,1.5925311080545639,10.0
2026-01-25,-0.007411372154815251,0.7597448361674645,0.11251113863923205,0.8400654747647172,25.0
2026-01-26,-0.09727069095268162,1.1188693280697184,0.22792009466322874,1.2187011118262427,68.0
2026-01-27,-0.4530196380159612,0.9133225919665908,-0.09026298128311915,0.8171052068140146,26.0
2026-01-28,0.027701651116063767,1.6016698322874658,-0.2304770255179889,0.6504344594421163,11.0
2026-01-29,-0.08994147648371835,0.9780320027594221,0.07451647556953692,1.165971444379397,17.0
2026-01-30,0.08584361504562481,0.8581867527158596,0.1714041293372564,1.0497124638158986,39.0
2026-01-31,-0.3599999507901032,0.9986227933817208,1.1468167715816904,1.3612943828079707,9.0
2026-02-01,0.13722183559120504,0.9221208555107239,-0.1516445051234168,0.9699441222742394,16.0
2026-02-02,0.13080510767990636,0.8374951283619869,-0.11509484059200692,0.6276961578218725,24.0
2026-02-03,0.2600177266430671,0.8799837178228791,-0.06008073450484162,1.077143461530562,36.0
2026-02-04,0.018176930793784046,0.9432770448635839,0.26276680322057977,1.1759955420858,56.0
2026-02-05,-0.16677187903126775,0.8740167815918285,-0.08681660738209296,1.0374817826245675,33.0
2026-02-06,-0.44782374819864634,1.0177981251447155,-0.041690538193713655,1.0112770714770005,58.0
2026-02-07,-0.09216787796733258,0.7703858195550066,-0.1382726368755129,0.5971156524752643,21.0
2026-02-08,0.22248722042456776,1.1382579780646755,-0.4906137999001622,0.10251681411003111,15.0
2026-02-09,-0.5132124731531874,1.0762393810394122,0.07641413378388907,0.92344764846776,17.0
2026-02-10,-0.22941134210039965,1.3843627791404154,-0.20020104877728598,0.6807679514438506,15.0
2026-02-11,-0.9532298404123953,1.735567839282762,-0.5292159995313499,0.14303646577772555,4.0
2026-02-12,-0.6970137930570163,1.0122980853155463,-0.10782120010577925,1.0141737953470515,14.0
2026-02-13,-0.30057323014971693,0.9826585367653738,0.36608647618755225,1.5166034140205495,21.0
2026-02-14,0.11184466245945666,0.2852617678192194,0.7448420183802331,1.7794106175575455,8.0
2026-02-15,-0.49807654137614654,1.0001637583837908,0.07041167016781125,0.7830582967171206,12.0
2026-02-16,-0.0022709601575697093,0.9693031612031654,-0.34988340926884987,0.40744105530768177,27.0
2026-02-17,0.06014957914380511,1.116229273325315,0.1616874136461376,1.347052614481055,13.0
2026-02-18,-0.8238845946414298,0.8672308314257169,-0.32757180711612693,0.5366038380610813,32.0
2026-02-19,0.16013000940900457,0.8040815381764972,0.3446496682943235,1.378120327195162,47.0
2026-02-20,0.28456150836200456,0.8362737176624695,-0.03932053545614569,1.1634601823555293,42.0
2026-02-21,-0.26971159294467223,0.5018082158749334,0.2407229297801787,0.7852202842685173,13.0
2026-02-22,-0.6572488110945012,0.4568231568489785,0.03573320380995379,0.7946977020349936,8.0
2026-02-23,-0.2900489339542521,0.9321455527745952,0.32775288599833147,1.3282981169634398,14.0
2026-02-24,-0.011181878892596243,0.7906892925191387,0.049052763570015444,1.2319418723747038,10.0
2026-02-25,0.3982600655310219,0.8449481119613609,-0.001778740617626362,1.0466831389834317,5.0
2026-02-26,-0.010052363250916544,0.02160472785350171,1.4309917305067288,0.2420862255753721,3.0
2026-02-27,0.405521903688485,0.9297261735559255,0.1313348415253774,1.015473542299993,7.0
2026-02-28,0.5715840881014294,1.2208270222968831,0.37206589293498177,0.9850498885765319,6.0
2026-03-01,-0.584112207315714,0.5140621252691138,-0.31037049212673107,0.956585588487489,4.0
2026-03-03,-0.6083002103770855,1.0,-0.3667556404220682,1.0,1.0
2026-03-04,0.517945617701623,0.424041220277598,0.3766431131385042,1.3661574242588024,3.0
2026-03-05,1.5633166972188397,1.566069978334739,0.2281964869508734,1.5653272798926103,5.0
2026-03-07,1.0801855702088532,1.0,0.2098169022613542,1.0,1.0
2026-03-08,0.5982516019185764,1.5577986130793926,-0.4286837320793508,0.12385618331456515,4.0
2026-03-09,1.0856228745849115,1.3087824393454957,1.6303100335545593,1.9791877553049981,5.0
2026-03-10,-0.21117879496172423,1.0752990844858623,-0.2521112841817091,0.41521496927468554,6.0
2026-03-11,0.9055431168312139,1.0,-0.5738288417549549,1.0,1.0
2026-03-12,-0.2901420180981444,1.0,-0.4566076450498256,1.0,1.0
2026-03-13,-0.7190384406495569,0.1254276500100343,-0.5311976519652273,0.10548619939726403,2.0
2026-03-14,-0.0037366481487607767,0.7749096448077585,-0.2213250042071325,0.37012497202950706,8.0
2026-03-15,-0.31671150175068274,0.5397604576703784,-0.4116816427359469,0.06353496177549231,2.0
2026-03-16,-0.3527124907486638,0.4534889233034812,-0.4061097496827898,0.04634418913731547,4.0
2026-03-17,-0.013454157479065839,1.330033998802466,-0.3942299117188064,0.04171060678839773,9.0
2026-03-18,0.039990656976094024,0.6779996244331045,0.9259076077998312,1.693988045892863,4.0
2026-03-19,1.6274963253300132,0.6591456772128094,-0.4266569768405731,0.05187607905906322,3.0
2026-03-20,-0.44414378205323146,0.17635231169456236,-0.4719237753400823,0.10357515816837888,3.0
2026-03-21,0.2528272716394289,0.6538414860183863,0.595172177823031,1.4995258516033332,7.0
2026-03-22,-0.12278508704413446,1.1118588432577101,0.9724180028426456,1.771571162798051,4.0
2026-03-23,0.3568158654536586,0.4127510796594449,-0.4862716496513486,0.16902116117275634,2.0
2026-03-24,-0.24507007332181152,1.1033789850570443,1.2143249531356062,1.1792497690409822,4.0
2026-03-25,-0.4566200621547601,0.6350071471981225,-0.25433819492978904,0.7473529103681422,11.0
2026-03-26,0.08895626387828989,1.1546479836069945,-0.4042924840610237,0.22079025144930547,14.0
2026-03-27,0.8618001060000462,1.100699030887098,-0.46170027838419436,0.08184708876431535,12.0
2026-03-28,-0.3307974627018368,0.41779048858165174,0.30176467923903927,0.9207013805136696,8.0
2026-03-29,0.015334510583323987,0.8459810959337661,0.46659525824581,1.424316608303539,6.0
2026-03-30,0.3178684766297515,0.4887125136969772,-0.4566076450498256,1.0,2.0
2026-03-31,-0.5994505135337403,1.0010501383393375,-0.46794237127876154,0.07654163515216764,12.0
2026-04-01,0.3796500672632278,0.5404079124638546,-0.2315359393946885,0.4390476525033693,7.0
2026-04-02,-0.9821775200872257,1.3406040150198029,0.22968091860716422,1.0898396604685985,7.0
2026-04-03,0.6859140693986954,1.0,1.5538539445934898,1.0,1.0
2026-04-05,-0.4544109769886196,1.0,-0.5025224553259751,1.0,1.0
2026-04-06,1.1504106745070684,0.29424911104218265,0.7900684939247831,0.9897986365910072,4.0
2026-04-07,0.6014785206762228,1.0108504771555389,-0.23493202973000674,0.4993014153695218,4.0
2026-04-08,0.33355456500793773,0.5404048554217513,1.039498292026152,2.591331496521039,3.0
2026-04-09,0.2762967969754528,0.7265403705427951,0.9476794088481485,1.512558762217356,3.0
2026-04-10,0.45974048766422215,0.9036054990813801,0.2276243252222664,1.3403590109642927,4.0
2026-04-11,0.3831743589812341,1.0,-0.3779644730092272,1.0,1.0
2026-04-12,-0.1908373024922818,1.0,-0.6655761652877626,1.0,1.0
2026-04-15,-2.494851533102683,1.0,-0.43432007283719715,1.0,1.0
2026-04-16,0.7382137665458781,1.0,-0.3667556404220682,1.0,1.0
2026-04-18,-0.45398807040195566,0.0005980802304769982,-0.5134002562685994,0.015383533621854208,2.0
2026-04-20,-1.3547736148884881,0.9502684491594904,-0.39670630863132067,0.05187607905906321,3.0
2026-04-21,0.6467925627043192,1.557482852428249,-0.18820302250056356,0.2525115338618132,2.0
2026-04-22,0.33117695504417005,1.623812148296861,-0.4145620441137804,0.1068983684144653,5.0
2026-04-23,-0.2571650692353499,0.9046354348475882,-0.49061182373663337,0.17515909422722628,2.0
2026-04-24,1.1776377857629838,0.9860408904348029,-0.48312225623477045,0.11622302618882971,5.0
2026-04-25,-1.775060156104806,1.0,-0.605787658880629,1.0,1.0
2026-04-26,0.7853627990193408,0.06667880117674042,-0.4116816427359469,0.06353496177549231,2.0
2026-04-28,1.457365551116708,1.0,0.2914453234881632,1.0,1.0
2026-04-29,0.698958218613362,1.046602551391409,0.16905248054774674,1.5265332225964372,4.0
2026-04-30,0.6316806621168877,1.329702145815159,-0.4507548509230919,0.008277100831804357,2.0
2026-05-01,-0.019591668203635115,1.0,-0.9291812130012496,1.0,1.0
2026-05-02,0.9345712723647078,1.0,-0.4566076450498256,1.0,1.0
2026-05-03,1.1100458491924123,1.0,-0.605787658880629,1.0,1.0
2026-05-04,1.7199613026487646,1.0,-0.44490205679635825,1.0,1.0
2026-05-05,0.6387727058520433,1.0,-0.5738288417549549,1.0,1.0
2026-05-06,-0.17255994924488424,0.9190341159055608,2.3016258152824056,1.2660972330410856,3.0
2026-05-07,1.4207331460361665,0.3163925412425035,0.6661233684750032,1.5877814262237036,2.0
2026-05-08,0.24882017596936187,1.0,0.884555476873296,1.0,1.0
2026-05-10,0.14467804751866228,0.48044615590367645,-0.15582284038325334,1.056247820540989,7.0
2026-05-11,0.5846531893753216,1.0,-0.4566076450498256,1.0,1.0
2026-05-12,0.680291792079713,0.868873874439321,-0.5453522079606302,0.1231677199097895,7.0
2026-05-13,0.38462325891536747,1.0,-0.5242780572112238,1.0,1.0
2026-05-15,-0.07497289467693734,0.27391022787934594,-0.29455229134669886,0.1866549176339153,3.0
2026-05-16,0.16372208696709625,2.1918771562420165,-0.4266569768405731,0.051876079059063246,3.0
2026-05-17,-1.5338953169419085,0.9009337969509883,-0.4116816427359469,0.06353496177549228,2.0
2026-05-18,0.3809928254785604,1.0,-0.4966724607503654,1.0,1.0
2026-05-20,-0.5525805803401842,1.0,-0.4566076450498256,1.0,1.0
2026-05-21,-0.39819139380166274,0.2971387379751238,-0.4116816427359469,0.06353496177549231,2.0
2026-05-23,0.07911908743808055,1.525482234867261,-0.4751868438432239,1.0,2.0
2026-05-26,-0.6765618316074774,0.6986122349114582,-0.010347920296978138,0.48123402884521244,3.0
2026-05-27,-0.40678137909460654,1.0,-0.4566076450498256,1.0,1.0
2026-05-29,-0.026387241021146517,1.0,-0.43432007283719715,1.0,1.0
2026-06-01,0.1536151658571275,1.0,0.15075567228888193,1.0,1.0
2026-06-02,0.6213200153599646,0.6804460995306958,-0.5703418096671459,0.17412959038601616,2.0
2026-06-03,1.1024680665700561,1.0,-0.6934700238343338,1.0,1.0
2026-06-08,-0.8170999861419437,1.0,-0.447213595499958,1.0,1.0
2026-06-09,0.7067483490562071,1.0,-0.6934700238343338,1.0,1.0
2026-06-10,0.07019347051449987,1.3799092779197566,0.7488902838106313,1.4370835607315742,2.0
2026-06-11,-0.13027434552026237,0.7148943655726591,0.077323096321682,0.8081418616869355,4.0
2026-06-12,0.11809574538947303,1.0,4.330931353593303,1.0,1.0
2026-06-14,-1.1772567088686718,1.0,,1.0,1.0
2026-06-17,-0.35998758866232117,1.0,,1.0,1.0
2026-06-22,-0.5198321248422763,1.0,0.9071432068064658,1.0,1.0
2026-06-24,-0.6486891633946431,1.0,-0.43432007283719715,1.0,1.0
2026-06-26,0.7071067811865476,1.0,-0.7071067811865476,1.0,1.0
2026-06-27,0.3304506520495615,1.0,0.5267404033420497,1.0,1.0
2026-06-29,-1.4533093762685414,0.8293274401816637,-0.535537826050512,0.11162413245173401,2.0
2026-07-01,-0.03395625233265468,1.0,-0.6144680070511985,1.0,1.0
2026-07-03,-0.812788773557003,1.0,-0.5242780572112238,1.0,1.0
2026-07-05,-1.000577868893704,1.0,-0.4966724607503654,1.0,1.0
2026-07-10,-0.5364079873247344,0.7558426309002597,0.2378339163884723,1.296645211706566,2.0
2026-07-14,0.7071067811865476,1.0,,1.0,1.0
2026-07-17,0.3794463772386628,1.0,,1.0,1.0
2026-07-19,-1.5873278963080004,1.0,-0.43432007283719715,1.0,1.0
2026-07-20,0.4,1.0,0.2,1.0,1.0
2026-07-21,1.2098777041809579,1.0,1.352236104421471,1.0,1.0
2026-07-23,-0.41822627644744903,1.0,1.352236104421471,1.0,1.0
2026-07-24,0.236102590546105,0.25380212826666304,0.8983266635243055,0.15974732887110785,2.0
2026-07-26,-0.5086764975934717,1.0,1.0112850830455034,1.0,1.0
2026-07-27,-0.3292112916165363,1.0532766874188562,1.117499196734475,0.15020944009438145,2.0
2026-07-29,-0.5086764975934717,1.0,1.0112850830455034,1.0,1.0
2026-07-31,0.16741951947275302,0.7377518999480885,0.28237755274227244,0.8787957859755268,3.0
2026-08-01,-0.6802904114470464,1.0,-0.5025224553259751,1.0,1.0
2026-08-03,-0.026387241021146517,1.0,-0.43432007283719715,1.0,1.0
2026-08-04,-0.688523207719888,0.09034412402297555,-0.4654962667937813,0.04408979631657539,2.0
2026-08-05,-0.6217392740259999,1.0,-0.6934700238343338,1.0,1.0
2026-08-06,-1.1603052874757718,0.5242032644720005,-0.5386234877258386,0.1348284575463138,3.0
2026-08-07,-0.6217392740259999,1.0,-0.6934700238343338,1.0,1.0
2026-08-08,0.4972190495584859,0.6230765659608105,-0.2025259006313038,0.6942998374010927,2.0
2026-08-09,0.05663738456916963,1.0,-0.6934700238343338,1.0,1.0
2026-08-10,-0.5369421917016037,1.0,-0.6934700238343338,1.0,1.0
2026-08-11,-0.7743740222099131,0.33577931484392115,-0.6934700238343338,0.0,2.0
2026-08-12,-0.5369421917016037,1.0,-0.6934700238343338,1.0,1.0
2026-08-13,1.1559438436092757,1.0,0.6897701762553708,1.0,1.0
2026-08-16,0.1613638877888502,1.0,-0.5773502691896257,1.0,1.0
2026-08-18,0.03351375766359934,1.0,0.884555476873296,1.0,1.0
2026-08-26,0.9434821892866624,0.04805022499474542,-0.5959091381204121,0.026246204144222785,2.0
2026-08-28,-0.7071067811865475,1.0,,1.0,1.0
2026-08-29,,1.0,,1.0,1.0
2026-08-30,-0.4688678850498466,1.0,3.8652417483811465,1.0,1.0
2026-08-31,-0.36437636705584825,1.3374641502321285,0.9330802415255753,1.295653412895329,3.0
2026-09-02,-0.9995597454161692,1.0,-0.4751868438432239,1.0,1.0
2026-09-03,0.325,1.0,0.0,1.0,1.0
2026-09-05,0.3665727130390994,0.4710164917618477,0.374152015593442,1.1433521922587102,2.0
2026-09-06,-0.4544109769886196,1.0,-0.5025224553259751,1.0,1.0
2026-09-07,-0.5066231794445097,1.7360308717941528,0.07352885749223737,1.7008945256579477,2.0
2026-09-10,1.8882543627761277,1.0,-0.6934700238343338,1.0,1.0
2026-09-11,1.2787779582826713,0.8619297971810366,0.7802053474844461,2.0840916966542253,2.0
2026-09-14,1.4975974021427847,1.0,-0.605787658880629,1.0,1.0
2026-09-15,0.8947394308866498,1.0,-0.605787658880629,1.0,1.0
2026-09-16,-0.6576058938938099,0.22058934075996123,-1.2099046084320522,1.0,2.0
2026-09-17,-0.8668956104622746,1.7419434471321857,0.32018322406979305,1.1077963727793236,3.0
2026-09-18,1.4688898797020165,1.0,-0.605787658880629,1.0,1.0
2026-09-19,-0.091684118494206,1.0,,1.0,1.0
2026-09-20,-0.3707641700846729,1.0,0.019280014494248335,1.0,1.0
2026-09-21,0.4302995199831508,0.5067429254872963,-0.27762060338113914,0.47703557054654355,3.0
2026-09-27,-0.3885294752715786,1.0,-0.5025224553259751,1.0,1.0
2026-09-29,0.621951266731811,1.0,1.0112850830455034,1.0,1.0
2026-09-30,-0.059811030204806874,0.23340592749168906,-0.5898082503177919,0.02259829630826497,2.0
2026-10-02,-0.20063177928572554,1.0,3.1470989737497077,1.0,1.0
